DECIMAL,HEXADECIMAL,DESCRIPTION
3228,3228,"MIPS instructions, function epilogue"
3352,3352,"MIPS instructions, function epilogue"
3508,3508,"MIPS instructions, function epilogue"
3668,3668,"MIPS instructions, function epilogue"
9424,9424,"MIPS instructions, function epilogue"
10308,10308,"MIPS instructions, function epilogue"
11392,11392,"MIPS instructions, function epilogue"
12700,12700,"MIPS instructions, function epilogue"
13108,13108,"MIPS instructions, function epilogue"
13364,13364,"MIPS instructions, function epilogue"
15652,15652,"MIPS instructions, function epilogue"
17472,17472,"MIPS instructions, function epilogue"
19516,19516,"MIPS instructions, function epilogue"
21832,21832,"MIPS instructions, function epilogue"
22228,22228,"MIPS instructions, function epilogue"
22372,22372,"MIPS instructions, function epilogue"
22612,22612,"MIPS instructions, function epilogue"
33384,33384,"MIPS instructions, function epilogue"
201993,201993,"ARM instructions, function prologue"
203941,203941,"ARM instructions, function prologue"
204285,204285,"ARM instructions, function prologue"
435135,435135,"ARM instructions, function prologue"
435727,435727,"ARM instructions, function prologue"
456344,456344,"MIPS instructions, function epilogue"
456408,456408,"MIPS instructions, function epilogue"
456604,456604,"MIPS instructions, function epilogue"
456868,456868,"MIPS instructions, function epilogue"
457192,457192,"MIPS instructions, function epilogue"
457508,457508,"MIPS instructions, function epilogue"
457640,457640,"MIPS instructions, function epilogue"
458112,458112,"MIPS instructions, function epilogue"
458220,458220,"MIPS instructions, function epilogue"
458460,458460,"MIPS instructions, function epilogue"
458520,458520,"MIPS instructions, function epilogue"
458628,458628,"MIPS instructions, function epilogue"
459072,459072,"MIPS instructions, function epilogue"
459400,459400,"MIPS instructions, function epilogue"
459508,459508,"MIPS instructions, function epilogue"
460584,460584,"MIPS instructions, function epilogue"
460808,460808,"MIPS instructions, function epilogue"
461132,461132,"MIPS instructions, function epilogue"
461496,461496,"MIPS instructions, function epilogue"
461856,461856,"MIPS instructions, function epilogue"
461968,461968,"MIPS instructions, function epilogue"
462308,462308,"MIPS instructions, function epilogue"
462520,462520,"MIPS instructions, function epilogue"
462700,462700,"MIPS instructions, function epilogue"
464988,464988,"MIPS instructions, function epilogue"
467136,467136,"MIPS instructions, function epilogue"
468084,468084,"MIPS instructions, function epilogue"
468608,468608,"MIPS instructions, function epilogue"
468924,468924,"MIPS instructions, function epilogue"
469672,469672,"MIPS instructions, function epilogue"
469912,469912,"MIPS instructions, function epilogue"
470416,470416,"MIPS instructions, function epilogue"
472104,472104,"MIPS instructions, function epilogue"
472348,472348,"MIPS instructions, function epilogue"
472552,472552,"MIPS instructions, function epilogue"
473748,473748,"MIPS instructions, function epilogue"
473860,473860,"MIPS instructions, function epilogue"
473984,473984,"MIPS instructions, function epilogue"
474336,474336,"MIPS instructions, function epilogue"
474376,474376,"MIPS instructions, function epilogue"
475280,475280,"MIPS instructions, function epilogue"
475756,475756,"MIPS instructions, function epilogue"
476524,476524,"MIPS instructions, function epilogue"
477072,477072,"MIPS instructions, function epilogue"
478728,478728,"MIPS instructions, function epilogue"
478868,478868,"MIPS instructions, function epilogue"
478980,478980,"MIPS instructions, function epilogue"
479136,479136,"MIPS instructions, function epilogue"
479256,479256,"MIPS instructions, function epilogue"
479404,479404,"MIPS instructions, function epilogue"
480872,480872,"MIPS instructions, function epilogue"
482676,482676,"MIPS instructions, function epilogue"
482824,482824,"MIPS instructions, function epilogue"
483204,483204,"MIPS instructions, function epilogue"
483352,483352,"MIPS instructions, function epilogue"
483576,483576,"MIPS instructions, function epilogue"
485728,485728,"MIPS instructions, function epilogue"
486956,486956,"MIPS instructions, function epilogue"
487032,487032,"MIPS instructions, function epilogue"
487204,487204,"MIPS instructions, function epilogue"
487780,487780,"MIPS instructions, function epilogue"
488360,488360,"MIPS instructions, function epilogue"
488584,488584,"MIPS instructions, function epilogue"
488748,488748,"MIPS instructions, function epilogue"
489028,489028,"MIPS instructions, function epilogue"
489816,489816,"MIPS instructions, function epilogue"
490336,490336,"MIPS instructions, function epilogue"
490540,490540,"MIPS instructions, function epilogue"
490632,490632,"MIPS instructions, function epilogue"
490796,490796,"MIPS instructions, function epilogue"
490976,490976,"MIPS instructions, function epilogue"
491104,491104,"MIPS instructions, function epilogue"
491528,491528,"MIPS instructions, function epilogue"
492172,492172,"MIPS instructions, function epilogue"
492340,492340,"MIPS instructions, function epilogue"
493280,493280,"MIPS instructions, function epilogue"
493644,493644,"MIPS instructions, function epilogue"
494316,494316,"MIPS instructions, function epilogue"
494408,494408,"MIPS instructions, function epilogue"
495512,495512,"MIPS instructions, function epilogue"
495684,495684,"MIPS instructions, function epilogue"
495936,495936,"MIPS instructions, function epilogue"
496028,496028,"MIPS instructions, function epilogue"
496256,496256,"MIPS instructions, function epilogue"
496348,496348,"MIPS instructions, function epilogue"
496540,496540,"MIPS instructions, function epilogue"
496732,496732,"MIPS instructions, function epilogue"
497584,497584,"MIPS instructions, function epilogue"
498168,498168,"MIPS instructions, function epilogue"
498288,498288,"MIPS instructions, function epilogue"
499032,499032,"MIPS instructions, function epilogue"
499628,499628,"MIPS instructions, function epilogue"
500192,500192,"MIPS instructions, function epilogue"
500368,500368,"MIPS instructions, function epilogue"
501796,501796,"MIPS instructions, function epilogue"
503724,503724,"MIPS instructions, function epilogue"
503928,503928,"MIPS instructions, function epilogue"
504592,504592,"MIPS instructions, function epilogue"
505240,505240,"MIPS instructions, function epilogue"
505324,505324,"MIPS instructions, function epilogue"
505404,505404,"MIPS instructions, function epilogue"
505480,505480,"MIPS instructions, function epilogue"
505576,505576,"MIPS instructions, function epilogue"
505644,505644,"MIPS instructions, function epilogue"
505720,505720,"MIPS instructions, function epilogue"
506060,506060,"MIPS instructions, function epilogue"
506548,506548,"MIPS instructions, function epilogue"
506668,506668,"MIPS instructions, function epilogue"
507124,507124,"MIPS instructions, function epilogue"
507172,507172,"MIPS instructions, function epilogue"
507384,507384,"MIPS instructions, function epilogue"
507712,507712,"MIPS instructions, function epilogue"
507848,507848,"MIPS instructions, function epilogue"
508164,508164,"MIPS instructions, function epilogue"
508396,508396,"MIPS instructions, function epilogue"
508784,508784,"MIPS instructions, function epilogue"
508928,508928,"MIPS instructions, function epilogue"
510184,510184,"MIPS instructions, function epilogue"
510500,510500,"MIPS instructions, function epilogue"
510804,510804,"MIPS instructions, function epilogue"
510988,510988,"MIPS instructions, function epilogue"
511040,511040,"MIPS instructions, function epilogue"
511140,511140,"MIPS instructions, function epilogue"
511196,511196,"MIPS instructions, function epilogue"
511252,511252,"MIPS instructions, function epilogue"
511484,511484,"MIPS instructions, function epilogue"
511768,511768,"MIPS instructions, function epilogue"
511964,511964,"MIPS instructions, function epilogue"
512348,512348,"MIPS instructions, function epilogue"
512412,512412,"MIPS instructions, function epilogue"
512540,512540,"MIPS instructions, function epilogue"
512668,512668,"MIPS instructions, function epilogue"
512904,512904,"MIPS instructions, function epilogue"
513032,513032,"MIPS instructions, function epilogue"
513532,513532,"MIPS instructions, function epilogue"
513596,513596,"MIPS instructions, function epilogue"
513696,513696,"MIPS instructions, function epilogue"
513736,513736,"MIPS instructions, function epilogue"
514032,514032,"MIPS instructions, function epilogue"
514152,514152,"MIPS instructions, function epilogue"
514268,514268,"MIPS instructions, function epilogue"
514516,514516,"MIPS instructions, function epilogue"
514648,514648,"MIPS instructions, function epilogue"
514852,514852,"MIPS instructions, function epilogue"
515052,515052,"MIPS instructions, function epilogue"
515700,515700,"MIPS instructions, function epilogue"
515848,515848,"MIPS instructions, function epilogue"
516032,516032,"MIPS instructions, function epilogue"
516248,516248,"MIPS instructions, function epilogue"
516288,516288,"MIPS instructions, function epilogue"
516320,516320,"MIPS instructions, function epilogue"
516616,516616,"MIPS instructions, function epilogue"
516900,516900,"MIPS instructions, function epilogue"
517056,517056,"MIPS instructions, function epilogue"
517200,517200,"MIPS instructions, function epilogue"
517372,517372,"MIPS instructions, function epilogue"
517524,517524,"MIPS instructions, function epilogue"
517676,517676,"MIPS instructions, function epilogue"
517828,517828,"MIPS instructions, function epilogue"
518140,518140,"MIPS instructions, function epilogue"
518204,518204,"MIPS instructions, function epilogue"
518980,518980,"MIPS instructions, function epilogue"
519096,519096,"MIPS instructions, function epilogue"
519304,519304,"MIPS instructions, function epilogue"
519404,519404,"MIPS instructions, function epilogue"
520296,520296,"MIPS instructions, function epilogue"
520480,520480,"MIPS instructions, function epilogue"
520688,520688,"MIPS instructions, function epilogue"
520784,520784,"MIPS instructions, function epilogue"
521032,521032,"MIPS instructions, function epilogue"
521244,521244,"MIPS instructions, function epilogue"
521620,521620,"MIPS instructions, function epilogue"
521848,521848,"MIPS instructions, function epilogue"
522016,522016,"MIPS instructions, function epilogue"
522428,522428,"MIPS instructions, function epilogue"
523048,523048,"MIPS instructions, function epilogue"
523236,523236,"MIPS instructions, function epilogue"
523960,523960,"MIPS instructions, function epilogue"
524020,524020,"MIPS instructions, function epilogue"
524668,524668,"MIPS instructions, function epilogue"
524880,524880,"MIPS instructions, function epilogue"
525424,525424,"MIPS instructions, function epilogue"
525640,525640,"MIPS instructions, function epilogue"
525804,525804,"MIPS instructions, function epilogue"
525964,525964,"MIPS instructions, function epilogue"
526036,526036,"MIPS instructions, function epilogue"
527536,527536,"MIPS instructions, function epilogue"
527676,527676,"MIPS instructions, function epilogue"
528088,528088,"MIPS instructions, function epilogue"
528288,528288,"MIPS instructions, function epilogue"
528412,528412,"MIPS instructions, function epilogue"
528808,528808,"MIPS instructions, function epilogue"
528900,528900,"MIPS instructions, function epilogue"
529144,529144,"MIPS instructions, function epilogue"
529356,529356,"MIPS instructions, function epilogue"
529428,529428,"MIPS instructions, function epilogue"
530184,530184,"MIPS instructions, function epilogue"
531024,531024,"MIPS instructions, function epilogue"
531232,531232,"MIPS instructions, function epilogue"
531392,531392,"MIPS instructions, function epilogue"
531552,531552,"MIPS instructions, function epilogue"
531708,531708,"MIPS instructions, function epilogue"
531956,531956,"MIPS instructions, function epilogue"
532056,532056,"MIPS instructions, function epilogue"
532388,532388,"MIPS instructions, function epilogue"
532692,532692,"MIPS instructions, function epilogue"
532744,532744,"MIPS instructions, function epilogue"
533660,533660,"MIPS instructions, function epilogue"
533716,533716,"MIPS instructions, function epilogue"
533852,533852,"MIPS instructions, function epilogue"
533960,533960,"MIPS instructions, function epilogue"
534180,534180,"MIPS instructions, function epilogue"
534280,534280,"MIPS instructions, function epilogue"
534524,534524,"MIPS instructions, function epilogue"
534588,534588,"MIPS instructions, function epilogue"
534772,534772,"MIPS instructions, function epilogue"
535076,535076,"MIPS instructions, function epilogue"
535348,535348,"MIPS instructions, function epilogue"
536188,536188,"MIPS instructions, function epilogue"
536544,536544,"MIPS instructions, function epilogue"
536852,536852,"MIPS instructions, function epilogue"
537016,537016,"MIPS instructions, function epilogue"
537340,537340,"MIPS instructions, function epilogue"
537832,537832,"MIPS instructions, function epilogue"
538296,538296,"MIPS instructions, function epilogue"
538824,538824,"MIPS instructions, function epilogue"
539296,539296,"MIPS instructions, function epilogue"
539560,539560,"MIPS instructions, function epilogue"
539764,539764,"MIPS instructions, function epilogue"
540536,540536,"MIPS instructions, function epilogue"
540952,540952,"MIPS instructions, function epilogue"
541416,541416,"MIPS instructions, function epilogue"
541632,541632,"MIPS instructions, function epilogue"
542336,542336,"MIPS instructions, function epilogue"
542656,542656,"MIPS instructions, function epilogue"
543340,543340,"MIPS instructions, function epilogue"
543428,543428,"MIPS instructions, function epilogue"
543672,543672,"MIPS instructions, function epilogue"
543836,543836,"MIPS instructions, function epilogue"
544112,544112,"MIPS instructions, function epilogue"
544584,544584,"MIPS instructions, function epilogue"
544820,544820,"MIPS instructions, function epilogue"
545052,545052,"MIPS instructions, function epilogue"
545092,545092,"MIPS instructions, function epilogue"
545132,545132,"MIPS instructions, function epilogue"
545176,545176,"MIPS instructions, function epilogue"
545388,545388,"MIPS instructions, function epilogue"
545588,545588,"MIPS instructions, function epilogue"
548284,548284,"MIPS instructions, function epilogue"
548460,548460,"MIPS instructions, function epilogue"
548620,548620,"MIPS instructions, function epilogue"
548916,548916,"MIPS instructions, function epilogue"
549024,549024,"MIPS instructions, function epilogue"
549864,549864,"MIPS instructions, function epilogue"
550080,550080,"MIPS instructions, function epilogue"
550152,550152,"MIPS instructions, function epilogue"
550224,550224,"MIPS instructions, function epilogue"
550312,550312,"MIPS instructions, function epilogue"
552568,552568,"MIPS instructions, function epilogue"
552852,552852,"MIPS instructions, function epilogue"
553176,553176,"MIPS instructions, function epilogue"
554532,554532,"MIPS instructions, function epilogue"
554868,554868,"MIPS instructions, function epilogue"
554948,554948,"MIPS instructions, function epilogue"
555244,555244,"MIPS instructions, function epilogue"
555392,555392,"MIPS instructions, function epilogue"
556204,556204,"MIPS instructions, function epilogue"
556508,556508,"MIPS instructions, function epilogue"
556840,556840,"MIPS instructions, function epilogue"
558268,558268,"MIPS instructions, function epilogue"
558860,558860,"MIPS instructions, function epilogue"
559336,559336,"MIPS instructions, function epilogue"
559400,559400,"MIPS instructions, function epilogue"
559664,559664,"MIPS instructions, function epilogue"
566444,566444,"MIPS instructions, function epilogue"
570540,570540,"MIPS instructions, function epilogue"
570652,570652,"MIPS instructions, function epilogue"
571308,571308,"MIPS instructions, function epilogue"
571828,571828,"MIPS instructions, function epilogue"
572256,572256,"MIPS instructions, function epilogue"
574728,574728,"MIPS instructions, function epilogue"
576272,576272,"MIPS instructions, function epilogue"
577388,577388,"MIPS instructions, function epilogue"
578604,578604,"MIPS instructions, function epilogue"
578728,578728,"MIPS instructions, function epilogue"
578948,578948,"MIPS instructions, function epilogue"
579368,579368,"MIPS instructions, function epilogue"
579648,579648,"MIPS instructions, function epilogue"
579908,579908,"MIPS instructions, function epilogue"
580244,580244,"MIPS instructions, function epilogue"
582896,582896,"MIPS instructions, function epilogue"
583632,583632,"MIPS instructions, function epilogue"
584136,584136,"MIPS instructions, function epilogue"
585760,585760,"MIPS instructions, function epilogue"
585912,585912,"MIPS instructions, function epilogue"
588028,588028,"MIPS instructions, function epilogue"
588220,588220,"MIPS instructions, function epilogue"
588776,588776,"MIPS instructions, function epilogue"
590396,590396,"MIPS instructions, function epilogue"
591424,591424,"MIPS instructions, function epilogue"
592672,592672,"MIPS instructions, function epilogue"
597176,597176,"MIPS instructions, function epilogue"
597728,597728,"MIPS instructions, function epilogue"
600396,600396,"MIPS instructions, function epilogue"
602268,602268,"MIPS instructions, function epilogue"
603156,603156,"MIPS instructions, function epilogue"
603592,603592,"MIPS instructions, function epilogue"
605376,605376,"MIPS instructions, function epilogue"
605520,605520,"MIPS instructions, function epilogue"
605664,605664,"MIPS instructions, function epilogue"
605808,605808,"MIPS instructions, function epilogue"
605952,605952,"MIPS instructions, function epilogue"
606096,606096,"MIPS instructions, function epilogue"
606240,606240,"MIPS instructions, function epilogue"
606384,606384,"MIPS instructions, function epilogue"
606528,606528,"MIPS instructions, function epilogue"
606672,606672,"MIPS instructions, function epilogue"
606816,606816,"MIPS instructions, function epilogue"
606960,606960,"MIPS instructions, function epilogue"
607104,607104,"MIPS instructions, function epilogue"
607248,607248,"MIPS instructions, function epilogue"
607392,607392,"MIPS instructions, function epilogue"
607556,607556,"MIPS instructions, function epilogue"
607720,607720,"MIPS instructions, function epilogue"
607884,607884,"MIPS instructions, function epilogue"
608048,608048,"MIPS instructions, function epilogue"
608212,608212,"MIPS instructions, function epilogue"
608376,608376,"MIPS instructions, function epilogue"
608540,608540,"MIPS instructions, function epilogue"
608704,608704,"MIPS instructions, function epilogue"
608868,608868,"MIPS instructions, function epilogue"
609032,609032,"MIPS instructions, function epilogue"
609196,609196,"MIPS instructions, function epilogue"
609360,609360,"MIPS instructions, function epilogue"
609524,609524,"MIPS instructions, function epilogue"
609740,609740,"MIPS instructions, function epilogue"
610204,610204,"MIPS instructions, function epilogue"
610640,610640,"MIPS instructions, function epilogue"
610728,610728,"MIPS instructions, function epilogue"
610888,610888,"MIPS instructions, function epilogue"
610968,610968,"MIPS instructions, function epilogue"
611060,611060,"MIPS instructions, function epilogue"
611424,611424,"MIPS instructions, function epilogue"
611760,611760,"MIPS instructions, function epilogue"
615676,615676,"MIPS instructions, function epilogue"
616672,616672,"MIPS instructions, function epilogue"
619564,619564,"MIPS instructions, function epilogue"
619848,619848,"MIPS instructions, function epilogue"
620396,620396,"MIPS instructions, function epilogue"
630684,630684,"MIPS instructions, function epilogue"
632448,632448,"MIPS instructions, function epilogue"
634256,634256,"MIPS instructions, function epilogue"
635148,635148,"MIPS instructions, function epilogue"
636112,636112,"MIPS instructions, function epilogue"
636516,636516,"MIPS instructions, function epilogue"
636692,636692,"MIPS instructions, function epilogue"
637232,637232,"MIPS instructions, function epilogue"
637332,637332,"MIPS instructions, function epilogue"
637724,637724,"MIPS instructions, function epilogue"
638748,638748,"MIPS instructions, function epilogue"
639472,639472,"MIPS instructions, function epilogue"
639940,639940,"MIPS instructions, function epilogue"
640348,640348,"MIPS instructions, function epilogue"
641008,641008,"MIPS instructions, function epilogue"
641156,641156,"MIPS instructions, function epilogue"
641304,641304,"MIPS instructions, function epilogue"
641452,641452,"MIPS instructions, function epilogue"
641600,641600,"MIPS instructions, function epilogue"
641748,641748,"MIPS instructions, function epilogue"
641884,641884,"MIPS instructions, function epilogue"
642168,642168,"MIPS instructions, function epilogue"
642296,642296,"MIPS instructions, function epilogue"
642424,642424,"MIPS instructions, function epilogue"
642552,642552,"MIPS instructions, function epilogue"
642680,642680,"MIPS instructions, function epilogue"
642808,642808,"MIPS instructions, function epilogue"
642880,642880,"MIPS instructions, function epilogue"
642988,642988,"MIPS instructions, function epilogue"
643184,643184,"MIPS instructions, function epilogue"
644012,644012,"MIPS instructions, function epilogue"
644128,644128,"MIPS instructions, function epilogue"
644348,644348,"MIPS instructions, function epilogue"
645084,645084,"MIPS instructions, function epilogue"
645892,645892,"MIPS instructions, function epilogue"
646168,646168,"MIPS instructions, function epilogue"
646356,646356,"MIPS instructions, function epilogue"
646896,646896,"MIPS instructions, function epilogue"
647264,647264,"MIPS instructions, function epilogue"
648308,648308,"MIPS instructions, function epilogue"
648852,648852,"MIPS instructions, function epilogue"
650588,650588,"MIPS instructions, function epilogue"
651272,651272,"MIPS instructions, function epilogue"
652504,652504,"MIPS instructions, function epilogue"
655188,655188,"MIPS instructions, function epilogue"
655576,655576,"MIPS instructions, function epilogue"
655864,655864,"MIPS instructions, function epilogue"
657728,657728,"MIPS instructions, function epilogue"
658280,658280,"MIPS instructions, function epilogue"
661416,661416,"MIPS instructions, function epilogue"
668712,668712,"MIPS instructions, function epilogue"
670488,670488,"MIPS instructions, function epilogue"
670548,670548,"MIPS instructions, function epilogue"
673364,673364,"MIPS instructions, function epilogue"
673564,673564,"MIPS instructions, function epilogue"
674260,674260,"MIPS instructions, function epilogue"
674788,674788,"MIPS instructions, function epilogue"
676148,676148,"MIPS instructions, function epilogue"
676724,676724,"MIPS instructions, function epilogue"
677332,677332,"MIPS instructions, function epilogue"
677936,677936,"MIPS instructions, function epilogue"
680224,680224,"MIPS instructions, function epilogue"
681080,681080,"MIPS instructions, function epilogue"
681368,681368,"MIPS instructions, function epilogue"
682204,682204,"MIPS instructions, function epilogue"
682456,682456,"MIPS instructions, function epilogue"
684964,684964,"MIPS instructions, function epilogue"
686400,686400,"MIPS instructions, function epilogue"
686592,686592,"MIPS instructions, function epilogue"
687960,687960,"MIPS instructions, function epilogue"
694832,694832,"MIPS instructions, function epilogue"
696804,696804,"MIPS instructions, function epilogue"
700384,700384,"MIPS instructions, function epilogue"
701444,701444,"MIPS instructions, function epilogue"
702032,702032,"MIPS instructions, function epilogue"
702488,702488,"MIPS instructions, function epilogue"
705404,705404,"MIPS instructions, function epilogue"
705648,705648,"MIPS instructions, function epilogue"
705980,705980,"MIPS instructions, function epilogue"
708036,708036,"MIPS instructions, function epilogue"
710732,710732,"MIPS instructions, function epilogue"
711536,711536,"MIPS instructions, function epilogue"
711784,711784,"MIPS instructions, function epilogue"
712604,712604,"MIPS instructions, function epilogue"
713204,713204,"MIPS instructions, function epilogue"
718328,718328,"MIPS instructions, function epilogue"
719296,719296,"MIPS instructions, function epilogue"
719416,719416,"MIPS instructions, function epilogue"
719640,719640,"MIPS instructions, function epilogue"
719908,719908,"MIPS instructions, function epilogue"
725840,725840,"MIPS instructions, function epilogue"
726064,726064,"MIPS instructions, function epilogue"
726152,726152,"MIPS instructions, function epilogue"
726424,726424,"MIPS instructions, function epilogue"
727244,727244,"MIPS instructions, function epilogue"
727896,727896,"MIPS instructions, function epilogue"
730568,730568,"MIPS instructions, function epilogue"
730876,730876,"MIPS instructions, function epilogue"
744672,744672,"MIPS instructions, function epilogue"
744956,744956,"MIPS instructions, function epilogue"
745192,745192,"MIPS instructions, function epilogue"
747684,747684,"MIPS instructions, function epilogue"
748080,748080,"MIPS instructions, function epilogue"
752344,752344,"MIPS instructions, function epilogue"
754552,754552,"MIPS instructions, function epilogue"
755228,755228,"MIPS instructions, function epilogue"
755360,755360,"MIPS instructions, function epilogue"
756284,756284,"MIPS instructions, function epilogue"
756724,756724,"MIPS instructions, function epilogue"
757088,757088,"MIPS instructions, function epilogue"
758944,758944,"MIPS instructions, function epilogue"
759420,759420,"MIPS instructions, function epilogue"
759452,759452,"MIPS instructions, function epilogue"
759620,759620,"MIPS instructions, function epilogue"
759800,759800,"MIPS instructions, function epilogue"
759884,759884,"MIPS instructions, function epilogue"
760108,760108,"MIPS instructions, function epilogue"
760684,760684,"MIPS instructions, function epilogue"
760972,760972,"MIPS instructions, function epilogue"
761156,761156,"MIPS instructions, function epilogue"
761296,761296,"MIPS instructions, function epilogue"
761488,761488,"MIPS instructions, function epilogue"
761748,761748,"MIPS instructions, function epilogue"
761872,761872,"MIPS instructions, function epilogue"
762108,762108,"MIPS instructions, function epilogue"
762336,762336,"MIPS instructions, function epilogue"
762724,762724,"MIPS instructions, function epilogue"
762876,762876,"MIPS instructions, function epilogue"
762968,762968,"MIPS instructions, function epilogue"
763060,763060,"MIPS instructions, function epilogue"
763160,763160,"MIPS instructions, function epilogue"
763252,763252,"MIPS instructions, function epilogue"
763400,763400,"MIPS instructions, function epilogue"
763548,763548,"MIPS instructions, function epilogue"
763724,763724,"MIPS instructions, function epilogue"
763872,763872,"MIPS instructions, function epilogue"
764016,764016,"MIPS instructions, function epilogue"
764680,764680,"MIPS instructions, function epilogue"
764852,764852,"MIPS instructions, function epilogue"
765612,765612,"MIPS instructions, function epilogue"
766820,766820,"MIPS instructions, function epilogue"
767168,767168,"MIPS instructions, function epilogue"
767632,767632,"MIPS instructions, function epilogue"
768444,768444,"MIPS instructions, function epilogue"
768616,768616,"MIPS instructions, function epilogue"
768888,768888,"MIPS instructions, function epilogue"
769380,769380,"MIPS instructions, function epilogue"
769520,769520,"MIPS instructions, function epilogue"
769856,769856,"MIPS instructions, function epilogue"
770300,770300,"MIPS instructions, function epilogue"
770832,770832,"MIPS instructions, function epilogue"
771040,771040,"MIPS instructions, function epilogue"
772192,772192,"MIPS instructions, function epilogue"
772548,772548,"MIPS instructions, function epilogue"
772932,772932,"MIPS instructions, function epilogue"
773808,773808,"MIPS instructions, function epilogue"
775356,775356,"MIPS instructions, function epilogue"
775652,775652,"MIPS instructions, function epilogue"
776816,776816,"MIPS instructions, function epilogue"
777032,777032,"MIPS instructions, function epilogue"
777488,777488,"MIPS instructions, function epilogue"
777664,777664,"MIPS instructions, function epilogue"
779680,779680,"MIPS instructions, function epilogue"
780308,780308,"MIPS instructions, function epilogue"
782736,782736,"MIPS instructions, function epilogue"
783836,783836,"MIPS instructions, function epilogue"
784120,784120,"MIPS instructions, function epilogue"
785880,785880,"MIPS instructions, function epilogue"
789056,789056,"MIPS instructions, function epilogue"
789236,789236,"MIPS instructions, function epilogue"
789468,789468,"MIPS instructions, function epilogue"
789556,789556,"MIPS instructions, function epilogue"
789632,789632,"MIPS instructions, function epilogue"
789768,789768,"MIPS instructions, function epilogue"
790152,790152,"MIPS instructions, function epilogue"
790452,790452,"MIPS instructions, function epilogue"
791084,791084,"MIPS instructions, function epilogue"
791892,791892,"MIPS instructions, function epilogue"
792100,792100,"MIPS instructions, function epilogue"
792676,792676,"MIPS instructions, function epilogue"
792928,792928,"MIPS instructions, function epilogue"
792968,792968,"MIPS instructions, function epilogue"
793152,793152,"MIPS instructions, function epilogue"
793840,793840,"MIPS instructions, function epilogue"
794204,794204,"MIPS instructions, function epilogue"
795288,795288,"MIPS instructions, function epilogue"
795604,795604,"MIPS instructions, function epilogue"
795876,795876,"MIPS instructions, function epilogue"
796352,796352,"MIPS instructions, function epilogue"
796920,796920,"MIPS instructions, function epilogue"
801652,801652,"MIPS instructions, function epilogue"
802248,802248,"MIPS instructions, function epilogue"
802520,802520,"MIPS instructions, function epilogue"
802684,802684,"MIPS instructions, function epilogue"
809076,809076,"MIPS instructions, function epilogue"
810516,810516,"MIPS instructions, function epilogue"
810640,810640,"MIPS instructions, function epilogue"
811016,811016,"MIPS instructions, function epilogue"
811208,811208,"MIPS instructions, function epilogue"
811316,811316,"MIPS instructions, function epilogue"
811560,811560,"MIPS instructions, function epilogue"
811900,811900,"MIPS instructions, function epilogue"
811992,811992,"MIPS instructions, function epilogue"
812284,812284,"MIPS instructions, function epilogue"
812816,812816,"MIPS instructions, function epilogue"
813548,813548,"MIPS instructions, function epilogue"
813828,813828,"MIPS instructions, function epilogue"
815132,815132,"MIPS instructions, function epilogue"
815668,815668,"MIPS instructions, function epilogue"
817816,817816,"MIPS instructions, function epilogue"
819284,819284,"MIPS instructions, function epilogue"
819692,819692,"MIPS instructions, function epilogue"
820444,820444,"MIPS instructions, function epilogue"
821156,821156,"MIPS instructions, function epilogue"
821672,821672,"MIPS instructions, function epilogue"
822228,822228,"MIPS instructions, function epilogue"
822784,822784,"MIPS instructions, function epilogue"
823752,823752,"MIPS instructions, function epilogue"
824416,824416,"MIPS instructions, function epilogue"
825904,825904,"MIPS instructions, function epilogue"
827752,827752,"MIPS instructions, function epilogue"
829944,829944,"MIPS instructions, function epilogue"
830252,830252,"MIPS instructions, function epilogue"
830620,830620,"MIPS instructions, function epilogue"
831376,831376,"MIPS instructions, function epilogue"
831428,831428,"MIPS instructions, function epilogue"
831996,831996,"MIPS instructions, function epilogue"
833632,833632,"MIPS instructions, function epilogue"
834120,834120,"MIPS instructions, function epilogue"
835564,835564,"MIPS instructions, function epilogue"
838032,838032,"MIPS instructions, function epilogue"
838544,838544,"MIPS instructions, function epilogue"
839064,839064,"MIPS instructions, function epilogue"
839628,839628,"MIPS instructions, function epilogue"
839752,839752,"MIPS instructions, function epilogue"
839824,839824,"MIPS instructions, function epilogue"
840668,840668,"MIPS instructions, function epilogue"
843644,843644,"MIPS instructions, function epilogue"
843720,843720,"MIPS instructions, function epilogue"
845752,845752,"MIPS instructions, function epilogue"
846600,846600,"MIPS instructions, function epilogue"
847708,847708,"MIPS instructions, function epilogue"
849576,849576,"MIPS instructions, function epilogue"
850080,850080,"MIPS instructions, function epilogue"
850556,850556,"MIPS instructions, function epilogue"
851084,851084,"MIPS instructions, function epilogue"
851712,851712,"MIPS instructions, function epilogue"
852048,852048,"MIPS instructions, function epilogue"
852892,852892,"MIPS instructions, function epilogue"
854160,854160,"MIPS instructions, function epilogue"
854416,854416,"MIPS instructions, function epilogue"
855020,855020,"MIPS instructions, function epilogue"
859776,859776,"MIPS instructions, function epilogue"
862308,862308,"MIPS instructions, function epilogue"
863084,863084,"MIPS instructions, function epilogue"
864276,864276,"MIPS instructions, function epilogue"
869784,869784,"MIPS instructions, function epilogue"
872756,872756,"MIPS instructions, function epilogue"
876464,876464,"MIPS instructions, function epilogue"
878968,878968,"MIPS instructions, function epilogue"
879380,879380,"MIPS instructions, function epilogue"
880712,880712,"MIPS instructions, function epilogue"
880924,880924,"MIPS instructions, function epilogue"
881132,881132,"MIPS instructions, function epilogue"
881700,881700,"MIPS instructions, function epilogue"
882176,882176,"MIPS instructions, function epilogue"
882904,882904,"MIPS instructions, function epilogue"
883020,883020,"MIPS instructions, function epilogue"
883236,883236,"MIPS instructions, function epilogue"
883528,883528,"MIPS instructions, function epilogue"
883764,883764,"MIPS instructions, function epilogue"
883908,883908,"MIPS instructions, function epilogue"
884076,884076,"MIPS instructions, function epilogue"
884524,884524,"MIPS instructions, function epilogue"
884944,884944,"MIPS instructions, function epilogue"
889364,889364,"MIPS instructions, function epilogue"
889872,889872,"MIPS instructions, function epilogue"
890536,890536,"MIPS instructions, function epilogue"
890960,890960,"MIPS instructions, function epilogue"
892188,892188,"MIPS instructions, function epilogue"
892396,892396,"MIPS instructions, function epilogue"
892648,892648,"MIPS instructions, function epilogue"
892760,892760,"MIPS instructions, function epilogue"
892880,892880,"MIPS instructions, function epilogue"
893004,893004,"MIPS instructions, function epilogue"
893356,893356,"MIPS instructions, function epilogue"
893864,893864,"MIPS instructions, function epilogue"
894168,894168,"MIPS instructions, function epilogue"
894320,894320,"MIPS instructions, function epilogue"
894796,894796,"MIPS instructions, function epilogue"
895252,895252,"MIPS instructions, function epilogue"
895676,895676,"MIPS instructions, function epilogue"
895780,895780,"MIPS instructions, function epilogue"
895972,895972,"MIPS instructions, function epilogue"
896292,896292,"MIPS instructions, function epilogue"
896444,896444,"MIPS instructions, function epilogue"
896912,896912,"MIPS instructions, function epilogue"
897704,897704,"MIPS instructions, function epilogue"
898460,898460,"MIPS instructions, function epilogue"
898796,898796,"MIPS instructions, function epilogue"
899088,899088,"MIPS instructions, function epilogue"
899320,899320,"MIPS instructions, function epilogue"
901512,901512,"MIPS instructions, function epilogue"
901680,901680,"MIPS instructions, function epilogue"
902448,902448,"MIPS instructions, function epilogue"
906856,906856,"MIPS instructions, function epilogue"
907852,907852,"MIPS instructions, function epilogue"
907956,907956,"MIPS instructions, function epilogue"
915240,915240,"MIPS instructions, function epilogue"
917168,917168,"MIPS instructions, function epilogue"
917296,917296,"MIPS instructions, function epilogue"
917424,917424,"MIPS instructions, function epilogue"
917564,917564,"MIPS instructions, function epilogue"
917988,917988,"MIPS instructions, function epilogue"
918624,918624,"MIPS instructions, function epilogue"
919280,919280,"MIPS instructions, function epilogue"
919684,919684,"MIPS instructions, function epilogue"
920132,920132,"MIPS instructions, function epilogue"
920328,920328,"MIPS instructions, function epilogue"
920592,920592,"MIPS instructions, function epilogue"
920912,920912,"MIPS instructions, function epilogue"
920980,920980,"MIPS instructions, function epilogue"
923504,923504,"MIPS instructions, function epilogue"
924036,924036,"MIPS instructions, function epilogue"
924748,924748,"MIPS instructions, function epilogue"
950148,950148,"MIPS instructions, function epilogue"
951436,951436,"MIPS instructions, function epilogue"
952724,952724,"MIPS instructions, function epilogue"
959156,959156,"MIPS instructions, function epilogue"
965644,965644,"MIPS instructions, function epilogue"
966352,966352,"MIPS instructions, function epilogue"
967044,967044,"MIPS instructions, function epilogue"
968168,968168,"MIPS instructions, function epilogue"
968640,968640,"MIPS instructions, function epilogue"
969008,969008,"MIPS instructions, function epilogue"
969572,969572,"MIPS instructions, function epilogue"
975968,975968,"MIPS instructions, function epilogue"
976256,976256,"MIPS instructions, function epilogue"
977324,977324,"MIPS instructions, function epilogue"
980872,980872,"MIPS instructions, function epilogue"
981176,981176,"MIPS instructions, function epilogue"
981440,981440,"MIPS instructions, function epilogue"
983052,983052,"MIPS instructions, function epilogue"
983676,983676,"MIPS instructions, function epilogue"
983784,983784,"MIPS instructions, function epilogue"
983932,983932,"MIPS instructions, function epilogue"
984076,984076,"MIPS instructions, function epilogue"
984344,984344,"MIPS instructions, function epilogue"
985472,985472,"MIPS instructions, function epilogue"
985816,985816,"MIPS instructions, function epilogue"
986008,986008,"MIPS instructions, function epilogue"
986516,986516,"MIPS instructions, function epilogue"
986744,986744,"MIPS instructions, function epilogue"
987624,987624,"MIPS instructions, function epilogue"
988188,988188,"MIPS instructions, function epilogue"
988344,988344,"MIPS instructions, function epilogue"
989156,989156,"MIPS instructions, function epilogue"
989444,989444,"MIPS instructions, function epilogue"
990416,990416,"MIPS instructions, function epilogue"
990768,990768,"MIPS instructions, function epilogue"
991048,991048,"MIPS instructions, function epilogue"
991188,991188,"MIPS instructions, function epilogue"
992592,992592,"MIPS instructions, function epilogue"
992920,992920,"MIPS instructions, function epilogue"
994316,994316,"MIPS instructions, function epilogue"
994548,994548,"MIPS instructions, function epilogue"
994752,994752,"MIPS instructions, function epilogue"
994928,994928,"MIPS instructions, function epilogue"
995020,995020,"MIPS instructions, function epilogue"
995276,995276,"MIPS instructions, function epilogue"
995812,995812,"MIPS instructions, function epilogue"
997288,997288,"MIPS instructions, function epilogue"
998140,998140,"MIPS instructions, function epilogue"
998468,998468,"MIPS instructions, function epilogue"
998576,998576,"MIPS instructions, function epilogue"
999840,999840,"MIPS instructions, function epilogue"
1000308,1000308,"MIPS instructions, function epilogue"
1000396,1000396,"MIPS instructions, function epilogue"
1000636,1000636,"MIPS instructions, function epilogue"
1000792,1000792,"MIPS instructions, function epilogue"
1001396,1001396,"MIPS instructions, function epilogue"
1001624,1001624,"MIPS instructions, function epilogue"
1001992,1001992,"MIPS instructions, function epilogue"
1003400,1003400,"MIPS instructions, function epilogue"
1003964,1003964,"MIPS instructions, function epilogue"
1005140,1005140,"MIPS instructions, function epilogue"
1005484,1005484,"MIPS instructions, function epilogue"
1006460,1006460,"MIPS instructions, function epilogue"
1009184,1009184,"MIPS instructions, function epilogue"
1009232,1009232,"MIPS instructions, function epilogue"
1009536,1009536,"MIPS instructions, function epilogue"
1009776,1009776,"MIPS instructions, function epilogue"
1010096,1010096,"MIPS instructions, function epilogue"
1010560,1010560,"MIPS instructions, function epilogue"
1011016,1011016,"MIPS instructions, function epilogue"
1012180,1012180,"MIPS instructions, function epilogue"
1012720,1012720,"MIPS instructions, function epilogue"
1012820,1012820,"MIPS instructions, function epilogue"
1012864,1012864,"MIPS instructions, function epilogue"
1013048,1013048,"MIPS instructions, function epilogue"
1014324,1014324,"MIPS instructions, function epilogue"
1014844,1014844,"MIPS instructions, function epilogue"
1018964,1018964,"MIPS instructions, function epilogue"
1020276,1020276,"MIPS instructions, function epilogue"
1021464,1021464,"MIPS instructions, function epilogue"
1024712,1024712,"MIPS instructions, function epilogue"
1026100,1026100,"MIPS instructions, function epilogue"
1029144,1029144,"MIPS instructions, function epilogue"
1029232,1029232,"MIPS instructions, function epilogue"
1030144,1030144,"MIPS instructions, function epilogue"
1030328,1030328,"MIPS instructions, function epilogue"
1031660,1031660,"MIPS instructions, function epilogue"
1032384,1032384,"MIPS instructions, function epilogue"
1035500,1035500,"MIPS instructions, function epilogue"
1035852,1035852,"MIPS instructions, function epilogue"
1036052,1036052,"MIPS instructions, function epilogue"
1037260,1037260,"MIPS instructions, function epilogue"
1038320,1038320,"MIPS instructions, function epilogue"
1038588,1038588,"MIPS instructions, function epilogue"
1038992,1038992,"MIPS instructions, function epilogue"
1039440,1039440,"MIPS instructions, function epilogue"
1040808,1040808,"MIPS instructions, function epilogue"
1042900,1042900,"MIPS instructions, function epilogue"
1044136,1044136,"MIPS instructions, function epilogue"
1045844,1045844,"MIPS instructions, function epilogue"
1047096,1047096,"MIPS instructions, function epilogue"
1047684,1047684,"MIPS instructions, function epilogue"
1048060,1048060,"MIPS instructions, function epilogue"
1048324,1048324,"MIPS instructions, function epilogue"
1048460,1048460,"MIPS instructions, function epilogue"
1049972,1049972,"MIPS instructions, function epilogue"
1051872,1051872,"MIPS instructions, function epilogue"
1051992,1051992,"MIPS instructions, function epilogue"
1052140,1052140,"MIPS instructions, function epilogue"
1052412,1052412,"MIPS instructions, function epilogue"
1052572,1052572,"MIPS instructions, function epilogue"
1053160,1053160,"MIPS instructions, function epilogue"
1053336,1053336,"MIPS instructions, function epilogue"
1064056,1064056,"MIPS instructions, function epilogue"
1064468,1064468,"MIPS instructions, function epilogue"
1064696,1064696,"MIPS instructions, function epilogue"
1065108,1065108,"MIPS instructions, function epilogue"
1065332,1065332,"MIPS instructions, function epilogue"
1066212,1066212,"MIPS instructions, function epilogue"
1066752,1066752,"MIPS instructions, function epilogue"
1067292,1067292,"MIPS instructions, function epilogue"
1067640,1067640,"MIPS instructions, function epilogue"
1068024,1068024,"MIPS instructions, function epilogue"
1068136,1068136,"MIPS instructions, function epilogue"
1068520,1068520,"MIPS instructions, function epilogue"
1069632,1069632,"MIPS instructions, function epilogue"
1069796,1069796,"MIPS instructions, function epilogue"
1070604,1070604,"MIPS instructions, function epilogue"
1071096,1071096,"MIPS instructions, function epilogue"
1071844,1071844,"MIPS instructions, function epilogue"
1071976,1071976,"MIPS instructions, function epilogue"
1072316,1072316,"MIPS instructions, function epilogue"
1072656,1072656,"MIPS instructions, function epilogue"
1073156,1073156,"MIPS instructions, function epilogue"
1074280,1074280,"MIPS instructions, function epilogue"
1074404,1074404,"MIPS instructions, function epilogue"
1074736,1074736,"MIPS instructions, function epilogue"
1075068,1075068,"MIPS instructions, function epilogue"
1075148,1075148,"MIPS instructions, function epilogue"
1076736,1076736,"MIPS instructions, function epilogue"
1077604,1077604,"MIPS instructions, function epilogue"
1078340,1078340,"MIPS instructions, function epilogue"
1079388,1079388,"MIPS instructions, function epilogue"
1079936,1079936,"MIPS instructions, function epilogue"
1079972,1079972,"MIPS instructions, function epilogue"
1082960,1082960,"MIPS instructions, function epilogue"
1083628,1083628,"MIPS instructions, function epilogue"
1084552,1084552,"MIPS instructions, function epilogue"
1084624,1084624,"MIPS instructions, function epilogue"
1085028,1085028,"MIPS instructions, function epilogue"
1085236,1085236,"MIPS instructions, function epilogue"
1085700,1085700,"MIPS instructions, function epilogue"
1087152,1087152,"MIPS instructions, function epilogue"
1087244,1087244,"MIPS instructions, function epilogue"
1087424,1087424,"MIPS instructions, function epilogue"
1087932,1087932,"MIPS instructions, function epilogue"
1088356,1088356,"MIPS instructions, function epilogue"
1088652,1088652,"MIPS instructions, function epilogue"
1088792,1088792,"MIPS instructions, function epilogue"
1089352,1089352,"MIPS instructions, function epilogue"
1089900,1089900,"MIPS instructions, function epilogue"
1090232,1090232,"MIPS instructions, function epilogue"
1091664,1091664,"MIPS instructions, function epilogue"
1092424,1092424,"MIPS instructions, function epilogue"
1092816,1092816,"MIPS instructions, function epilogue"
1092968,1092968,"MIPS instructions, function epilogue"
1094300,1094300,"MIPS instructions, function epilogue"
1094456,1094456,"MIPS instructions, function epilogue"
1094748,1094748,"MIPS instructions, function epilogue"
1096304,1096304,"MIPS instructions, function epilogue"
1097032,1097032,"MIPS instructions, function epilogue"
1097668,1097668,"MIPS instructions, function epilogue"
1098788,1098788,"MIPS instructions, function epilogue"
1098944,1098944,"MIPS instructions, function epilogue"
1099436,1099436,"MIPS instructions, function epilogue"
1099532,1099532,"MIPS instructions, function epilogue"
1099808,1099808,"MIPS instructions, function epilogue"
1100160,1100160,"MIPS instructions, function epilogue"
1100268,1100268,"MIPS instructions, function epilogue"
1100620,1100620,"MIPS instructions, function epilogue"
1100656,1100656,"MIPS instructions, function epilogue"
1100820,1100820,"MIPS instructions, function epilogue"
1100968,1100968,"MIPS instructions, function epilogue"
1101308,1101308,"MIPS instructions, function epilogue"
1101392,1101392,"MIPS instructions, function epilogue"
1101592,1101592,"MIPS instructions, function epilogue"
1101780,1101780,"MIPS instructions, function epilogue"
1102752,1102752,"MIPS instructions, function epilogue"
1103592,1103592,"MIPS instructions, function epilogue"
1104564,1104564,"MIPS instructions, function epilogue"
1106980,1106980,"MIPS instructions, function epilogue"
1107776,1107776,"MIPS instructions, function epilogue"
1109324,1109324,"MIPS instructions, function epilogue"
1109804,1109804,"MIPS instructions, function epilogue"
1110004,1110004,"MIPS instructions, function epilogue"
1110500,1110500,"MIPS instructions, function epilogue"
1110628,1110628,"MIPS instructions, function epilogue"
1110964,1110964,"MIPS instructions, function epilogue"
1111100,1111100,"MIPS instructions, function epilogue"
1113012,1113012,"MIPS instructions, function epilogue"
1116384,1116384,"MIPS instructions, function epilogue"
1117096,1117096,"MIPS instructions, function epilogue"
1117764,1117764,"MIPS instructions, function epilogue"
1118056,1118056,"MIPS instructions, function epilogue"
1118168,1118168,"MIPS instructions, function epilogue"
1118608,1118608,"MIPS instructions, function epilogue"
1118812,1118812,"MIPS instructions, function epilogue"
1118904,1118904,"MIPS instructions, function epilogue"
1119056,1119056,"MIPS instructions, function epilogue"
1119148,1119148,"MIPS instructions, function epilogue"
1119268,1119268,"MIPS instructions, function epilogue"
1119464,1119464,"MIPS instructions, function epilogue"
1120040,1120040,"MIPS instructions, function epilogue"
1120152,1120152,"MIPS instructions, function epilogue"
1120236,1120236,"MIPS instructions, function epilogue"
1120380,1120380,"MIPS instructions, function epilogue"
1120656,1120656,"MIPS instructions, function epilogue"
1121060,1121060,"MIPS instructions, function epilogue"
1121228,1121228,"MIPS instructions, function epilogue"
1121316,1121316,"MIPS instructions, function epilogue"
1121676,1121676,"MIPS instructions, function epilogue"
1122220,1122220,"MIPS instructions, function epilogue"
1122456,1122456,"MIPS instructions, function epilogue"
1122588,1122588,"MIPS instructions, function epilogue"
1122688,1122688,"MIPS instructions, function epilogue"
1122844,1122844,"MIPS instructions, function epilogue"
1123084,1123084,"MIPS instructions, function epilogue"
1123440,1123440,"MIPS instructions, function epilogue"
1123604,1123604,"MIPS instructions, function epilogue"
1125788,1125788,"MIPS instructions, function epilogue"
1126180,1126180,"MIPS instructions, function epilogue"
1126304,1126304,"MIPS instructions, function epilogue"
1126380,1126380,"MIPS instructions, function epilogue"
1126984,1126984,"MIPS instructions, function epilogue"
1127212,1127212,"MIPS instructions, function epilogue"
1127528,1127528,"MIPS instructions, function epilogue"
1128536,1128536,"MIPS instructions, function epilogue"
1128756,1128756,"MIPS instructions, function epilogue"
1129264,1129264,"MIPS instructions, function epilogue"
1129508,1129508,"MIPS instructions, function epilogue"
1132916,1132916,"MIPS instructions, function epilogue"
1133044,1133044,"MIPS instructions, function epilogue"
1133100,1133100,"MIPS instructions, function epilogue"
1133448,1133448,"MIPS instructions, function epilogue"
1133952,1133952,"MIPS instructions, function epilogue"
1134116,1134116,"MIPS instructions, function epilogue"
1136068,1136068,"MIPS instructions, function epilogue"
1137232,1137232,"MIPS instructions, function epilogue"
1137492,1137492,"MIPS instructions, function epilogue"
1137752,1137752,"MIPS instructions, function epilogue"
1138412,1138412,"MIPS instructions, function epilogue"
1139220,1139220,"MIPS instructions, function epilogue"
1139668,1139668,"MIPS instructions, function epilogue"
1140096,1140096,"MIPS instructions, function epilogue"
1140448,1140448,"MIPS instructions, function epilogue"
1140712,1140712,"MIPS instructions, function epilogue"
1140836,1140836,"MIPS instructions, function epilogue"
1140944,1140944,"MIPS instructions, function epilogue"
1141224,1141224,"MIPS instructions, function epilogue"
1141632,1141632,"MIPS instructions, function epilogue"
1142340,1142340,"MIPS instructions, function epilogue"
1142868,1142868,"MIPS instructions, function epilogue"
1143376,1143376,"MIPS instructions, function epilogue"
1143524,1143524,"MIPS instructions, function epilogue"
1143708,1143708,"MIPS instructions, function epilogue"
1144160,1144160,"MIPS instructions, function epilogue"
1146144,1146144,"MIPS instructions, function epilogue"
1146464,1146464,"MIPS instructions, function epilogue"
1146672,1146672,"MIPS instructions, function epilogue"
1147500,1147500,"MIPS instructions, function epilogue"
1147940,1147940,"MIPS instructions, function epilogue"
1149236,1149236,"MIPS instructions, function epilogue"
1149776,1149776,"MIPS instructions, function epilogue"
1150328,1150328,"MIPS instructions, function epilogue"
1150996,1150996,"MIPS instructions, function epilogue"
1151848,1151848,"MIPS instructions, function epilogue"
1152196,1152196,"MIPS instructions, function epilogue"
1152684,1152684,"MIPS instructions, function epilogue"
1153128,1153128,"MIPS instructions, function epilogue"
1153328,1153328,"MIPS instructions, function epilogue"
1153844,1153844,"MIPS instructions, function epilogue"
1157268,1157268,"MIPS instructions, function epilogue"
1163092,1163092,"MIPS instructions, function epilogue"
1163268,1163268,"MIPS instructions, function epilogue"
1166016,1166016,"MIPS instructions, function epilogue"
1166364,1166364,"MIPS instructions, function epilogue"
1168436,1168436,"MIPS instructions, function epilogue"
1169268,1169268,"MIPS instructions, function epilogue"
1170368,1170368,"MIPS instructions, function epilogue"
1171052,1171052,"MIPS instructions, function epilogue"
1171464,1171464,"MIPS instructions, function epilogue"
1171760,1171760,"MIPS instructions, function epilogue"
1171856,1171856,"MIPS instructions, function epilogue"
1172016,1172016,"MIPS instructions, function epilogue"
1172176,1172176,"MIPS instructions, function epilogue"
1172376,1172376,"MIPS instructions, function epilogue"
1172528,1172528,"MIPS instructions, function epilogue"
1172736,1172736,"MIPS instructions, function epilogue"
1172848,1172848,"MIPS instructions, function epilogue"
1172960,1172960,"MIPS instructions, function epilogue"
1173012,1173012,"MIPS instructions, function epilogue"
1173108,1173108,"MIPS instructions, function epilogue"
1173536,1173536,"MIPS instructions, function epilogue"
1173976,1173976,"MIPS instructions, function epilogue"
1174228,1174228,"MIPS instructions, function epilogue"
1174612,1174612,"MIPS instructions, function epilogue"
1174716,1174716,"MIPS instructions, function epilogue"
1175132,1175132,"MIPS instructions, function epilogue"
1175280,1175280,"MIPS instructions, function epilogue"
1175640,1175640,"MIPS instructions, function epilogue"
1176036,1176036,"MIPS instructions, function epilogue"
1176388,1176388,"MIPS instructions, function epilogue"
1224964,1224964,"MIPS instructions, function epilogue"
1225256,1225256,"MIPS instructions, function epilogue"
1225572,1225572,"MIPS instructions, function epilogue"
1239064,1239064,"MIPS instructions, function epilogue"
1239236,1239236,"MIPS instructions, function epilogue"
1239860,1239860,"MIPS instructions, function epilogue"
1240576,1240576,"MIPS instructions, function epilogue"
1240860,1240860,"MIPS instructions, function epilogue"
1241644,1241644,"MIPS instructions, function epilogue"
1241932,1241932,"MIPS instructions, function epilogue"
1242060,1242060,"MIPS instructions, function epilogue"
1242176,1242176,"MIPS instructions, function epilogue"
1242360,1242360,"MIPS instructions, function epilogue"
1242584,1242584,"MIPS instructions, function epilogue"
1242820,1242820,"MIPS instructions, function epilogue"
1243640,1243640,"MIPS instructions, function epilogue"
1244088,1244088,"MIPS instructions, function epilogue"
1245088,1245088,"MIPS instructions, function epilogue"
1245176,1245176,"MIPS instructions, function epilogue"
1245264,1245264,"MIPS instructions, function epilogue"
1245700,1245700,"MIPS instructions, function epilogue"
1245764,1245764,"MIPS instructions, function epilogue"
1245808,1245808,"MIPS instructions, function epilogue"
1245868,1245868,"MIPS instructions, function epilogue"
1247892,1247892,"MIPS instructions, function epilogue"
1248036,1248036,"MIPS instructions, function epilogue"
1248112,1248112,"MIPS instructions, function epilogue"
1248196,1248196,"MIPS instructions, function epilogue"
1249180,1249180,"MIPS instructions, function epilogue"
1249288,1249288,"MIPS instructions, function epilogue"
1249420,1249420,"MIPS instructions, function epilogue"
1249500,1249500,"MIPS instructions, function epilogue"
1249584,1249584,"MIPS instructions, function epilogue"
1249712,1249712,"MIPS instructions, function epilogue"
1249992,1249992,"MIPS instructions, function epilogue"
1250132,1250132,"MIPS instructions, function epilogue"
1250304,1250304,"MIPS instructions, function epilogue"
1250552,1250552,"MIPS instructions, function epilogue"
1250652,1250652,"MIPS instructions, function epilogue"
1250992,1250992,"MIPS instructions, function epilogue"
1251664,1251664,"MIPS instructions, function epilogue"
1252908,1252908,"MIPS instructions, function epilogue"
1253128,1253128,"MIPS instructions, function epilogue"
1253544,1253544,"MIPS instructions, function epilogue"
1253672,1253672,"MIPS instructions, function epilogue"
1254072,1254072,"MIPS instructions, function epilogue"
1254792,1254792,"MIPS instructions, function epilogue"
1255580,1255580,"MIPS instructions, function epilogue"
1257020,1257020,"MIPS instructions, function epilogue"
1257288,1257288,"MIPS instructions, function epilogue"
1257668,1257668,"MIPS instructions, function epilogue"
1257800,1257800,"MIPS instructions, function epilogue"
1258220,1258220,"MIPS instructions, function epilogue"
1258396,1258396,"MIPS instructions, function epilogue"
1258788,1258788,"MIPS instructions, function epilogue"
1259192,1259192,"MIPS instructions, function epilogue"
1259360,1259360,"MIPS instructions, function epilogue"
1259728,1259728,"MIPS instructions, function epilogue"
1260156,1260156,"MIPS instructions, function epilogue"
1260592,1260592,"MIPS instructions, function epilogue"
1260808,1260808,"MIPS instructions, function epilogue"
1260904,1260904,"MIPS instructions, function epilogue"
1261040,1261040,"MIPS instructions, function epilogue"
1261184,1261184,"MIPS instructions, function epilogue"
1261464,1261464,"MIPS instructions, function epilogue"
1261808,1261808,"MIPS instructions, function epilogue"
1262596,1262596,"MIPS instructions, function epilogue"
1263080,1263080,"MIPS instructions, function epilogue"
1263324,1263324,"MIPS instructions, function epilogue"
1285168,1285168,"MIPS instructions, function epilogue"
1285420,1285420,"MIPS instructions, function epilogue"
1285956,1285956,"MIPS instructions, function epilogue"
1286580,1286580,"MIPS instructions, function epilogue"
1287832,1287832,"MIPS instructions, function epilogue"
1288032,1288032,"MIPS instructions, function epilogue"
1288108,1288108,"MIPS instructions, function epilogue"
1288140,1288140,"MIPS instructions, function epilogue"
1288348,1288348,"MIPS instructions, function epilogue"
1288560,1288560,"MIPS instructions, function epilogue"
1288724,1288724,"MIPS instructions, function epilogue"
1288944,1288944,"MIPS instructions, function epilogue"
1289124,1289124,"MIPS instructions, function epilogue"
1289368,1289368,"MIPS instructions, function epilogue"
1289704,1289704,"MIPS instructions, function epilogue"
1289784,1289784,"MIPS instructions, function epilogue"
1290140,1290140,"MIPS instructions, function epilogue"
1290224,1290224,"MIPS instructions, function epilogue"
1290312,1290312,"MIPS instructions, function epilogue"
1290388,1290388,"MIPS instructions, function epilogue"
1290480,1290480,"MIPS instructions, function epilogue"
1291212,1291212,"MIPS instructions, function epilogue"
1291312,1291312,"MIPS instructions, function epilogue"
1291792,1291792,"MIPS instructions, function epilogue"
1291884,1291884,"MIPS instructions, function epilogue"
1292012,1292012,"MIPS instructions, function epilogue"
1292116,1292116,"MIPS instructions, function epilogue"
1292288,1292288,"MIPS instructions, function epilogue"
1292572,1292572,"MIPS instructions, function epilogue"
1292828,1292828,"MIPS instructions, function epilogue"
1293032,1293032,"MIPS instructions, function epilogue"
1293304,1293304,"MIPS instructions, function epilogue"
1293444,1293444,"MIPS instructions, function epilogue"
1293592,1293592,"MIPS instructions, function epilogue"
1293780,1293780,"MIPS instructions, function epilogue"
1293928,1293928,"MIPS instructions, function epilogue"
1294344,1294344,"MIPS instructions, function epilogue"
1294528,1294528,"MIPS instructions, function epilogue"
1294780,1294780,"MIPS instructions, function epilogue"
1294948,1294948,"MIPS instructions, function epilogue"
1295788,1295788,"MIPS instructions, function epilogue"
1296284,1296284,"MIPS instructions, function epilogue"
1296472,1296472,"MIPS instructions, function epilogue"
1296568,1296568,"MIPS instructions, function epilogue"
1296788,1296788,"MIPS instructions, function epilogue"
1296988,1296988,"MIPS instructions, function epilogue"
1297436,1297436,"MIPS instructions, function epilogue"
1297484,1297484,"MIPS instructions, function epilogue"
1297532,1297532,"MIPS instructions, function epilogue"
1297748,1297748,"MIPS instructions, function epilogue"
1297892,1297892,"MIPS instructions, function epilogue"
1297948,1297948,"MIPS instructions, function epilogue"
1298104,1298104,"MIPS instructions, function epilogue"
1298204,1298204,"MIPS instructions, function epilogue"
1298636,1298636,"MIPS instructions, function epilogue"
1299148,1299148,"MIPS instructions, function epilogue"
1300400,1300400,"MIPS instructions, function epilogue"
1300464,1300464,"MIPS instructions, function epilogue"
1300940,1300940,"MIPS instructions, function epilogue"
1301180,1301180,"MIPS instructions, function epilogue"
1301472,1301472,"MIPS instructions, function epilogue"
1301508,1301508,"MIPS instructions, function epilogue"
1301820,1301820,"MIPS instructions, function epilogue"
1301856,1301856,"MIPS instructions, function epilogue"
1302056,1302056,"MIPS instructions, function epilogue"
1302296,1302296,"MIPS instructions, function epilogue"
1302512,1302512,"MIPS instructions, function epilogue"
1302744,1302744,"MIPS instructions, function epilogue"
1303148,1303148,"MIPS instructions, function epilogue"
1303620,1303620,"MIPS instructions, function epilogue"
1308060,1308060,"MIPS instructions, function epilogue"
1308284,1308284,"MIPS instructions, function epilogue"
1308400,1308400,"MIPS instructions, function epilogue"
1310136,1310136,"MIPS instructions, function epilogue"
1310836,1310836,"MIPS instructions, function epilogue"
1311172,1311172,"MIPS instructions, function epilogue"
1467760,1467760,"MIPS instructions, function epilogue"
1467840,1467840,"MIPS instructions, function epilogue"
1467956,1467956,"MIPS instructions, function epilogue"
1468240,1468240,"MIPS instructions, function epilogue"
1468388,1468388,"MIPS instructions, function epilogue"
1469240,1469240,"MIPS instructions, function epilogue"
1470648,1470648,"MIPS instructions, function epilogue"
1470764,1470764,"MIPS instructions, function epilogue"
1471572,1471572,"MIPS instructions, function epilogue"
1475472,1475472,"MIPS instructions, function epilogue"
1475748,1475748,"MIPS instructions, function epilogue"
1476100,1476100,"MIPS instructions, function epilogue"
1476728,1476728,"MIPS instructions, function epilogue"
1477044,1477044,"MIPS instructions, function epilogue"
1477300,1477300,"MIPS instructions, function epilogue"
1477488,1477488,"MIPS instructions, function epilogue"
1478000,1478000,"MIPS instructions, function epilogue"
1480276,1480276,"MIPS instructions, function epilogue"
1480348,1480348,"MIPS instructions, function epilogue"
1480420,1480420,"MIPS instructions, function epilogue"
1480776,1480776,"MIPS instructions, function epilogue"
1481044,1481044,"MIPS instructions, function epilogue"
1481172,1481172,"MIPS instructions, function epilogue"
1481204,1481204,"MIPS instructions, function epilogue"
1481432,1481432,"MIPS instructions, function epilogue"
1481652,1481652,"MIPS instructions, function epilogue"
1481740,1481740,"MIPS instructions, function epilogue"
1482420,1482420,"MIPS instructions, function epilogue"
1523252,1523252,"MIPS instructions, function epilogue"
1523344,1523344,"MIPS instructions, function epilogue"
1531044,1531044,"MIPS instructions, function epilogue"
1531164,1531164,"MIPS instructions, function epilogue"
1537884,1537884,"MIPS instructions, function epilogue"
1538068,1538068,"MIPS instructions, function epilogue"
1540428,1540428,"MIPS instructions, function epilogue"
1541280,1541280,"MIPS instructions, function epilogue"
1542752,1542752,"MIPS instructions, function epilogue"
1542964,1542964,"MIPS instructions, function epilogue"
1543576,1543576,"MIPS instructions, function epilogue"
1545820,1545820,"MIPS instructions, function epilogue"
1546012,1546012,"MIPS instructions, function epilogue"
1546264,1546264,"MIPS instructions, function epilogue"
